mode,param_name,poly_modulus_degree,coeff_modulus_bits,scale,N_raw,k_feat,dim_used,enc_ms,eval_ms,dec_ms,e2e_ms,ct_in_bytes,ct_out_bytes,pk_bytes,rlk_bytes,gk_bytes,plain_score,fhe_score,abs_err,rel_err
FULL_FHE_RAW,P1_8192_60-40-40-60_scale2^40,8192,"60-40-40-60",1.09951e+12,128,5,128,4.1451,14.1537,1.1056,19.4044,331449,331594,464639,1394273,33434027,6.0973936931726005,6.0973937285346596,3.5362059058741124e-08,5.7995367919799697e-09
HYBRID_FEATURES,P1_8192_60-40-40-60_scale2^40,8192,"60-40-40-60",1099511627776,128,5,5,4.2835000000000001,7.0171000000000001,0.96340000000000003,12.263999999999999,330934,331618,464639,1394273,33434027,-2.0638215018725701,-2.0638215010836882,7.8888184873449063e-10,3.8224325505801415e-10
FULL_FHE_RAW,P1_8192_60-40-40-60_scale2^40,8192,"60-40-40-60",1099511627776,128,5,128,4.6003999999999996,16.7455,1.0590999999999999,22.405000000000001,331493,330848,464639,1394273,33434027,-47.829435572049803,-47.82943554183278,3.0217023549994337e-08,6.3176625834264135e-10
HYBRID_FEATURES,P1_8192_60-40-40-60_scale2^40,8192,"60-40-40-60",1099511627776,128,5,5,3.6476999999999999,6.4246999999999996,1.2330000000000001,11.305400000000001,331176,331572,464639,1394273,33434027,-0.72924265456460713,-0.72924265893279472,4.3681875894208133e-09,5.9900330323228707e-09
FULL_FHE_RAW,P1_8192_60-40-40-60_scale2^40,8192,"60-40-40-60",1099511627776,128,5,128,3.8178999999999998,13.832100000000001,1.0093000000000001,18.659299999999998,331381,331610,464639,1394273,33434027,-23.852420043684944,-23.852420049754944,6.0699996140556323e-09,2.5448149927506821e-10
HYBRID_FEATURES,P1_8192_60-40-40-60_scale2^40,8192,"60-40-40-60",1099511627776,128,5,5,3.4152999999999998,6.4165000000000001,0.93459999999999999,10.766399999999999,331559,331048,464639,1394273,33434027,2.7953485033662817,2.7953485060654506,2.6991688883981624e-09,9.6559297888893081e-10
FULL_FHE_RAW,P1_8192_60-40-40-60_scale2^40,8192,"60-40-40-60",1099511627776,128,5,128,3.5466000000000002,15.064500000000001,0.99339999999999995,19.604500000000002,331303,331363,464639,1394273,33434027,-27.707249316333428,-27.707249336277179,1.9943751539130972e-08,7.1980265205807081e-10
HYBRID_FEATURES,P1_8192_60-40-40-60_scale2^40,8192,"60-40-40-60",1099511627776,128,5,5,3.6476000000000002,6.2750000000000004,0.90180000000000005,10.824400000000001,331290,331212,464639,1394273,33434027,2.9552058673497634,2.9552058653605293,1.9892341107663469e-09,6.731287768287688e-10
FULL_FHE_RAW,P1_8192_60-40-40-60_scale2^40,8192,"60-40-40-60",1099511627776,128,5,128,3.5223,13.593299999999999,0.92230000000000001,18.0379,331539,331498,464639,1394273,33434027,-0.54864932088533847,-0.54864930940529988,1.1480038586419994e-08,2.0924182623419655e-08
HYBRID_FEATURES,P1_8192_60-40-40-60_scale2^40,8192,"60-40-40-60",1099511627776,128,5,5,3.4573,6.5635000000000003,0.96789999999999998,10.988700000000001,331089,331474,464639,1394273,33434027,-0.70682093309750527,-0.7068209349713146,1.8738093299219827e-09,2.651038250537343e-09
FULL_FHE_RAW,P1_8192_60-40-40-60_scale2^40,8192,"60-40-40-60",1099511627776,128,8,128,3.4893999999999998,13.2285,0.9405,17.6584,331550,331499,464639,1394273,33434027,-27.707249316333428,-27.707249336300286,1.996685838889789e-08,7.2063661610492038e-10
HYBRID_FEATURES,P1_8192_60-40-40-60_scale2^40,8192,"60-40-40-60",1099511627776,128,8,8,3.4005000000000001,6.7666000000000004,0.95530000000000004,11.122400000000001,331579,331452,464639,1394273,33434027,1.6330738992298457,1.6330739026580954,3.4282496841342436e-09,2.0992618189238094e-09
FULL_FHE_RAW,P1_8192_60-40-40-60_scale2^40,8192,"60-40-40-60",1099511627776,128,8,128,3.6501000000000001,14.167,0.97640000000000005,18.793500000000002,331006,331638,464639,1394273,33434027,-0.54864932088533847,-0.54864930823471059,1.2650627878585397e-08,2.3057766403814132e-08
HYBRID_FEATURES,P1_8192_60-40-40-60_scale2^40,8192,"60-40-40-60",1099511627776,128,8,8,3.6804999999999999,6.2339000000000002,0.8901,10.804500000000001,331635,331394,464639,1394273,33434027,-1.979830680203797,-1.9798306827880159,2.5842188389191278e-09,1.3052726502112377e-09
FULL_FHE_RAW,P1_8192_60-40-40-60_scale2^40,8192,"60-40-40-60",1099511627776,128,8,128,3.9390999999999998,13.175800000000001,1.0833999999999999,18.1983,331894,331101,464639,1394273,33434027,-23.835362228978827,-23.835362230149443,1.1706156044510863e-09,4.9112557770481959e-11
HYBRID_FEATURES,P1_8192_60-40-40-60_scale2^40,8192,"60-40-40-60",1099511627776,128,8,8,3.4940000000000002,6.0891000000000002,0.90639999999999998,10.4895,331533,331630,464639,1394273,33434027,-4.3477103820959444,-4.3477103805431856,1.5527588104191636e-09,3.5714403075547308e-10
FULL_FHE_RAW,P1_8192_60-40-40-60_scale2^40,8192,"60-40-40-60",1099511627776,128,8,128,3.4451000000000001,38.782600000000002,1.8468,44.0745,331581,331007,464639,1394273,33434027,-40.506917059637438,-40.506917049695915,9.9415231602506537e-09,2.4542779065644441e-10
HYBRID_FEATURES,P1_8192_60-40-40-60_scale2^40,8192,"60-40-40-60",1099511627776,128,8,8,6.5488,13.589399999999999,1.8017000000000001,21.939899999999998,331414,331022,464639,1394273,33434027,-7.6098309708184093,-7.6098309686509342,2.1674750882993976e-09,2.8482565468419249e-10
FULL_FHE_RAW,P1_8192_60-40-40-60_scale2^40,8192,"60-40-40-60",1099511627776,128,8,128,4.7808999999999999,22.4223,1.1021000000000001,28.305299999999999,331602,331507,464639,1394273,33434027,-1.0973801934193039,-1.0973801409242436,5.2495060298696217e-08,4.7836712028789182e-08
HYBRID_FEATURES,P1_8192_60-40-40-60_scale2^40,8192,"60-40-40-60",1099511627776,128,8,8,4.0434999999999999,7.9626999999999999,1.0768,13.083,331087,331570,464639,1394273,33434027,0.42512576189690127,0.42512575950754095,2.389360320709244e-09,5.6203611610079188e-09
FULL_FHE_RAW,P1_8192_60-40-40-60_scale2^40,8192,"60-40-40-60",1099511627776,128,16,128,4.2775999999999996,15.5258,1.1861999999999999,20.989599999999999,331651,331091,464639,1394273,33434027,-8.1721974779128654,-8.1721974422272261,3.5685639332427854e-08,4.366712800183308e-09
HYBRID_FEATURES,P1_8192_60-40-40-60_scale2^40,8192,"60-40-40-60",1099511627776,128,16,16,4.7384000000000004,10.1168,1.0630999999999999,15.9183,330971,330999,464639,1394273,33434027,227.05931325110183,227.05931281150416,4.3959767026535701e-07,1.9360477399982791e-09
FULL_FHE_RAW,P1_8192_60-40-40-60_scale2^40,8192,"60-40-40-60",1099511627776,128,16,128,3.9832999999999998,17.3308,1.4094,22.723500000000001,331681,331083,464639,1394273,33434027,-36.420092390563426,-36.420092380240646,1.0322779075977451e-08,2.8343637806509572e-10
HYBRID_FEATURES,P1_8192_60-40-40-60_scale2^40,8192,"60-40-40-60",1099511627776,128,16,16,4.2587000000000002,10.1555,1.1372,15.551400000000001,331597,331588,464639,1394273,33434027,-266.42838551637118,-266.42838545485665,6.1514526805694913e-08,2.3088578451005568e-10
FULL_FHE_RAW,P1_8192_60-40-40-60_scale2^40,8192,"60-40-40-60",1099511627776,128,16,128,4.5541,17.509699999999999,1.0463,23.110099999999999,331102,331653,464639,1394273,33434027,32.544046321866439,32.544046289307168,3.2559270835008647e-08,1.000467812545239e-09
HYBRID_FEATURES,P1_8192_60-40-40-60_scale2^40,8192,"60-40-40-60",1099511627776,128,16,16,3.8083999999999998,8.8224,0.98729999999999996,13.6181,331464,331636,464639,1394273,33434027,269.64969922296223,269.64969920935522,1.360700707664364e-08,5.0461792154244408e-11
FULL_FHE_RAW,P1_8192_60-40-40-60_scale2^40,8192,"60-40-40-60",1099511627776,128,16,128,3.7629000000000001,14.734299999999999,1.0577000000000001,19.5549,331617,331605,464639,1394273,33434027,-23.543570987828556,-23.54357099815261,1.032405450018814e-08,4.3850843635935354e-10
HYBRID_FEATURES,P1_8192_60-40-40-60_scale2^40,8192,"60-40-40-60",1099511627776,128,16,16,4.1925999999999997,10.008800000000001,1.2809999999999999,15.4824,331577,331653,464639,1394273,33434027,-81.4008713020703,-81.400871343459116,4.1388815930076817e-08,5.0845666966496163e-10
FULL_FHE_RAW,P1_8192_60-40-40-60_scale2^40,8192,"60-40-40-60",1099511627776,128,16,128,4.0641999999999996,14.3909,1.0779000000000001,19.533000000000001,331604,331587,464639,1394273,33434027,29.957457840452719,29.957457840641986,1.8926726852441789e-10,6.3178681426313468e-12
HYBRID_FEATURES,P1_8192_60-40-40-60_scale2^40,8192,"60-40-40-60",1099511627776,128,16,16,3.5474999999999999,10.8957,1.4023000000000001,15.845499999999999,331630,331056,464639,1394273,33434027,214.88446303436575,214.88446300365996,3.0705791687068995e-08,1.4289442453621376e-10
FULL_FHE_RAW,P1_8192_60-40-40-60_scale2^40,8192,"60-40-40-60",1099511627776,128,32,128,5.5061,20.459700000000002,0.99880000000000002,26.964600000000001,331525,331614,464639,1394273,33434027,-36.576646526997642,-36.576646518048065,8.9495770794201235e-09,2.4468008768420961e-10
HYBRID_FEATURES,P1_8192_60-40-40-60_scale2^40,8192,"60-40-40-60",1099511627776,128,32,32,3.6943999999999999,10.588900000000001,0.92969999999999997,15.213000000000001,331145,331457,464639,1394273,33434027,-72.519436204136866,-72.519436054789395,1.4934747127881565e-07,2.0594130221643411e-09
FULL_FHE_RAW,P1_8192_60-40-40-60_scale2^40,8192,"60-40-40-60",1099511627776,128,32,128,3.6701999999999999,15.811500000000001,1.1153,20.597000000000001,331252,331629,464639,1394273,33434027,-41.274135870892501,-41.274135867410777,3.4817233540707093e-09,8.4356056901147702e-11
HYBRID_FEATURES,P1_8192_60-40-40-60_scale2^40,8192,"60-40-40-60",1099511627776,128,32,32,5.9250999999999996,13.0366,1.2098,20.171500000000002,331045,331495,464639,1394273,33434027,138.25131956601001,138.25131955776405,8.2459621353336843e-09,5.9644726438914998e-11
FULL_FHE_RAW,P1_8192_60-40-40-60_scale2^40,8192,"60-40-40-60",1099511627776,128,32,128,4.1067999999999998,15.836,1.2552000000000001,21.197999999999997,331025,330960,464639,1394273,33434027,30.259612176905051,30.259612176181427,7.2362382752544363e-10,2.3913850028710309e-11
HYBRID_FEATURES,P1_8192_60-40-40-60_scale2^40,8192,"60-40-40-60",1099511627776,128,32,32,3.9853000000000001,11.882,1.1742999999999999,17.041599999999999,331102,331562,464639,1394273,33434027,14.723853700140149,14.723853519440041,1.8070010732174069e-07,1.2272609535642201e-08
FULL_FHE_RAW,P1_8192_60-40-40-60_scale2^40,8192,"60-40-40-60",1099511627776,128,32,128,3.9859,24.605899999999998,1.8046,30.3964,330855,331065,464639,1394273,33434027,10.755606209860668,10.755606195231845,1.4628822597728686e-08,1.3601113979346957e-09
HYBRID_FEATURES,P1_8192_60-40-40-60_scale2^40,8192,"60-40-40-60",1099511627776,128,32,32,5.2565,14.6746,1.3379000000000001,21.269000000000002,331344,331041,464639,1394273,33434027,-195.02403835347314,-195.02403846831709,1.1484394235594664e-07,5.8887070191725119e-10
FULL_FHE_RAW,P1_8192_60-40-40-60_scale2^40,8192,"60-40-40-60",1099511627776,128,32,128,4.3383000000000003,17.326499999999999,1.1344000000000001,22.799199999999999,330672,331476,464639,1394273,33434027,13.757004534357499,13.757004516622445,1.7735054314016452e-08,1.2891654044108188e-09
HYBRID_FEATURES,P1_8192_60-40-40-60_scale2^40,8192,"60-40-40-60",1099511627776,128,32,32,3.9946999999999999,12.49,1.274,17.758700000000001,331597,331585,464639,1394273,33434027,-68.28455366519249,-68.284553761661385,9.6468895094403706e-08,1.412748416975858e-09
FULL_FHE_RAW,P1_8192_60-40-40-60_scale2^40,8192,"60-40-40-60",1099511627776,256,5,256,4.0500999999999996,19.421800000000001,1.2359,24.707800000000002,331548,331665,464639,1394273,33434027,-12.962972090924598,-12.962972073484021,1.7440576982608036e-08,1.3454149912748957e-09
HYBRID_FEATURES,P1_8192_60-40-40-60_scale2^40,8192,"60-40-40-60",1099511627776,256,5,5,4.4128999999999996,8.3269000000000002,1.2044999999999999,13.944299999999998,330967,331474,464639,1394273,33434027,2.1481413284465471,2.1481413278571679,5.893792121014485e-10,2.743670559737635e-10
FULL_FHE_RAW,P1_8192_60-40-40-60_scale2^40,8192,"60-40-40-60",1099511627776,256,5,256,4.2705000000000002,23.718299999999999,1.2321,29.220899999999997,331042,331460,464639,1394273,33434027,16.474468361542812,16.474468395007186,3.3464374382674578e-08,2.0312870587552413e-09
HYBRID_FEATURES,P1_8192_60-40-40-60_scale2^40,8192,"60-40-40-60",1099511627776,256,5,5,3.9357000000000002,8.9263999999999992,1.2578,14.119899999999999,331644,331454,464639,1394273,33434027,-7.4924282555255255,-7.4924282566961011,1.1705756364221998e-09,1.5623448053158495e-10
FULL_FHE_RAW,P1_8192_60-40-40-60_scale2^40,8192,"60-40-40-60",1099511627776,256,5,256,4.0651000000000002,25.870000000000001,1.7050000000000001,31.640100000000004,333083,331626,464639,1394273,33434027,-0.53256483540274546,-0.53256482096047775,1.4442267715075729e-08,2.7118327675829265e-08
HYBRID_FEATURES,P1_8192_60-40-40-60_scale2^40,8192,"60-40-40-60",1099511627776,256,5,5,5.3426999999999998,9.2515000000000001,1.1244000000000001,15.7186,331624,331207,464639,1394273,33434027,3.218690745744877,3.2186907475417756,1.796898629891075e-09,5.5827004575279026e-10
FULL_FHE_RAW,P1_8192_60-40-40-60_scale2^40,8192,"60-40-40-60",1099511627776,256,5,256,4.6487999999999996,18.674099999999999,1.1229,24.445799999999998,331315,331450,464639,1394273,33434027,-80.551354184810506,-80.551354185542237,7.3173112014046637e-10,9.0840325100139445e-12
HYBRID_FEATURES,P1_8192_60-40-40-60_scale2^40,8192,"60-40-40-60",1099511627776,256,5,5,3.9897,7.2770999999999999,1.0818000000000001,12.348599999999999,331301,330826,464639,1394273,33434027,1.0935582588557,1.0935582557042514,3.1514486575900946e-09,2.881829689519946e-09
FULL_FHE_RAW,P1_8192_60-40-40-60_scale2^40,8192,"60-40-40-60",1099511627776,256,5,256,3.9083999999999999,17.780999999999999,1.4459,23.135300000000001,331488,330947,464639,1394273,33434027,4.440501543634106,4.4405015500998015,6.4656955345299139e-09,1.4560732545626794e-09
HYBRID_FEATURES,P1_8192_60-40-40-60_scale2^40,8192,"60-40-40-60",1099511627776,256,5,5,4.0002000000000004,8.9128000000000007,1.1808000000000001,14.0938,331622,331336,464639,1394273,33434027,-0.92888907084657268,-0.92888906859396581,2.2526068788053522e-09,2.4250547772645954e-09
FULL_FHE_RAW,P1_8192_60-40-40-60_scale2^40,8192,"60-40-40-60",1099511627776,256,8,256,4.1924000000000001,22.918299999999999,1.3638999999999999,28.474599999999999,331116,330998,464639,1394273,33434027,-80.551354184810506,-80.551354185221129,4.106226469957619e-10,5.0976504510856831e-12
HYBRID_FEATURES,P1_8192_60-40-40-60_scale2^40,8192,"60-40-40-60",1099511627776,256,8,8,4.8887999999999998,10.5717,1.2141999999999999,16.674700000000001,331120,331638,464639,1394273,33434027,3.0386356631586371,3.0386356627276436,4.3099346314079412e-10,1.4183782161392128e-10
FULL_FHE_RAW,P1_8192_60-40-40-60_scale2^40,8192,"60-40-40-60",1099511627776,256,8,256,4.5904999999999996,22.6221,1.127,28.339599999999997,331557,331606,464639,1394273,33434027,4.440501543634106,4.440501549489178,5.8550719828076581e-09,1.3185609610251071e-09
HYBRID_FEATURES,P1_8192_60-40-40-60_scale2^40,8192,"60-40-40-60",1099511627776,256,8,8,4.1054000000000004,9.6554000000000002,1.3857999999999999,15.146599999999999,331023,331593,464639,1394273,33434027,-3.749952208083124,-3.7499522098151261,1.7320020972988459e-09,4.6187311229339622e-10
FULL_FHE_RAW,P1_8192_60-40-40-60_scale2^40,8192,"60-40-40-60",1099511627776,256,8,256,4.5201000000000002,22.434799999999999,1.4765999999999999,28.4315,331618,331098,464639,1394273,33434027,-44.758430181354726,-44.758430180122062,1.232663748851337e-09,2.7540370470026778e-11
HYBRID_FEATURES,P1_8192_60-40-40-60_scale2^40,8192,"60-40-40-60",1099511627776,256,8,8,4.4222000000000001,8.6385000000000005,1.3529,14.413600000000001,331150,331642,464639,1394273,33434027,-1.2244402529357554,-1.2244402492452158,3.6905396516573319e-09,3.0140626648044123e-09
FULL_FHE_RAW,P1_8192_60-40-40-60_scale2^40,8192,"60-40-40-60",1099511627776,256,8,256,5.5042,19.986699999999999,1.1342000000000001,26.6251,331575,331322,464639,1394273,33434027,10.419553063023711,10.419553043728325,1.9295386621820398e-08,1.8518439807456537e-09
HYBRID_FEATURES,P1_8192_60-40-40-60_scale2^40,8192,"60-40-40-60",1099511627776,256,8,8,4.5049999999999999,7.6595000000000004,1.2343999999999999,13.398900000000001,331578,331501,464639,1394273,33434027,-1.7320296085791134,-1.7320296120093994,3.430286055206011e-09,1.9805008172002776e-09
FULL_FHE_RAW,P1_8192_60-40-40-60_scale2^40,8192,"60-40-40-60",1099511627776,256,8,256,4.2163000000000004,19.520700000000001,1.0992,24.836200000000002,331302,331094,464639,1394273,33434027,27.39978747333711,27.399787486018148,1.2681038441542114e-08,4.6281521175600743e-10
HYBRID_FEATURES,P1_8192_60-40-40-60_scale2^40,8192,"60-40-40-60",1099511627776,256,8,8,4.2316000000000003,7.1340000000000003,1.1297999999999999,12.4954,331221,331062,464639,1394273,33434027,3.998963147589484,3.998963145496373,2.0931110178423751e-09,5.2341343007976248e-10
FULL_FHE_RAW,P1_8192_60-40-40-60_scale2^40,8192,"60-40-40-60",1099511627776,256,16,256,4.2163000000000004,17.950500000000002,1.2937000000000001,23.460500000000003,331049,331514,464639,1394273,33434027,-82.807720688614751,-82.807720656467836,3.214691446373763e-08,3.8821156042467325e-10
HYBRID_FEATURES,P1_8192_60-40-40-60_scale2^40,8192,"60-40-40-60",1099511627776,256,16,16,4.4255000000000004,8.8955000000000002,1.1363000000000001,14.457300000000002,331091,330896,464639,1394273,33434027,-128.97595658591064,-128.97595670292657,1.1701592939061811e-07,9.0726932746316964e-10
FULL_FHE_RAW,P1_8192_60-40-40-60_scale2^40,8192,"60-40-40-60",1099511627776,256,16,256,4.2766999999999999,20.614599999999999,1.3008999999999999,26.1922,333159,331105,464639,1394273,33434027,8.9559854943053026,8.9559855047214079,1.0416105311605861e-08,1.1630328474994718e-09
HYBRID_FEATURES,P1_8192_60-40-40-60_scale2^40,8192,"60-40-40-60",1099511627776,256,16,16,4.5637999999999996,11.027200000000001,1.2502,16.841200000000001,330922,331258,464639,1394273,33434027,-256.5951041419396,-256.59510416001314,1.8073535557050491e-08,7.0436010918793026e-11
FULL_FHE_RAW,P1_8192_60-40-40-60_scale2^40,8192,"60-40-40-60",1099511627776,256,16,256,4.0831,20.489000000000001,1.2391000000000001,25.811199999999999,331473,331396,464639,1394273,33434027,54.369295641343328,54.369295623420633,1.7922694439675979e-08,3.2964735386506022e-10
HYBRID_FEATURES,P1_8192_60-40-40-60_scale2^40,8192,"60-40-40-60",1099511627776,256,16,16,4.4188000000000001,12.453200000000001,1.3314999999999999,18.203499999999998,331563,331173,464639,1394273,33434027,-281.8788197269285,-281.87881979993256,7.3004059686354594e-08,2.5899093715901619e-10
FULL_FHE_RAW,P1_8192_60-40-40-60_scale2^40,8192,"60-40-40-60",1099511627776,256,16,256,4.5278,20.6663,1.1799999999999999,26.374099999999999,331323,330945,464639,1394273,33434027,-12.626033942380458,-12.626034025456152,8.3075693879663959e-08,6.5797141254953119e-09
HYBRID_FEATURES,P1_8192_60-40-40-60_scale2^40,8192,"60-40-40-60",1099511627776,256,16,16,4.1292999999999997,11.619199999999999,1.6529,17.401399999999999,331622,331571,464639,1394273,33434027,303.56922398558413,303.56922390874399,7.6840137808176223e-08,2.5312229217223023e-10
FULL_FHE_RAW,P1_8192_60-40-40-60_scale2^40,8192,"60-40-40-60",1099511627776,256,16,256,4.4981999999999998,21.093299999999999,1.1100000000000001,26.701499999999999,331575,331600,464639,1394273,33434027,-9.1114666739652304,-9.1114667156691755,4.17039451861001e-08,4.5770836549579241e-09
HYBRID_FEATURES,P1_8192_60-40-40-60_scale2^40,8192,"60-40-40-60",1099511627776,256,16,16,4.2218,10.312099999999999,1.2847,15.8186,331558,331585,464639,1394273,33434027,143.22458940082393,143.22458934634591,5.4478022093462641e-08,3.8036780081807131e-10
FULL_FHE_RAW,P1_8192_60-40-40-60_scale2^40,8192,"60-40-40-60",1099511627776,256,32,256,4.1851000000000003,23.999700000000001,1.6252,29.810000000000002,331557,330910,464639,1394273,33434027,1.561583030524496,1.561583016844331,1.368016500080671e-08,8.7604467603697575e-09
HYBRID_FEATURES,P1_8192_60-40-40-60_scale2^40,8192,"60-40-40-60",1099511627776,256,32,32,6.2694999999999999,16.660799999999998,2.4855999999999998,25.415900000000001,331086,333085,464639,1394273,33434027,-126.4727960316722,-126.47279632551373,2.9384152355760307e-07,2.3233575344061914e-09
FULL_FHE_RAW,P1_8192_60-40-40-60_scale2^40,8192,"60-40-40-60",1099511627776,256,32,256,6.6943000000000001,24.713899999999999,1.3918999999999999,32.8001,330552,330817,464639,1394273,33434027,-44.531426285886752,-44.531426306255042,2.0368290165606595e-08,4.5739137199074788e-10
HYBRID_FEATURES,P1_8192_60-40-40-60_scale2^40,8192,"60-40-40-60",1099511627776,256,32,32,4.5651000000000002,16.5871,1.1193,22.2715,331116,331589,464639,1394273,33434027,-279.07475101550136,-279.07475101459659,9.0477669800748117e-10,3.242058605141333e-12
FULL_FHE_RAW,P1_8192_60-40-40-60_scale2^40,8192,"60-40-40-60",1099511627776,256,32,256,4.3240999999999996,17.762799999999999,1.5067999999999999,23.593699999999998,331076,331639,464639,1394273,33434027,-32.038099499085476,-32.038099536466966,3.7381489903509646e-08,1.1667823774808082e-09
HYBRID_FEATURES,P1_8192_60-40-40-60_scale2^40,8192,"60-40-40-60",1099511627776,256,32,32,3.8277999999999999,11.1303,1.2539,16.212,331597,331088,464639,1394273,33434027,287.13897380869264,287.1389740369624,2.2826975509815384e-07,7.9498004771111069e-10
FULL_FHE_RAW,P1_8192_60-40-40-60_scale2^40,8192,"60-40-40-60",1099511627776,256,32,256,3.956,19.432200000000002,1.1225000000000001,24.5107,331194,331118,464639,1394273,33434027,-4.8483359577093825,-4.848335944013348,1.3696034528720702e-08,2.824893870430434e-09
HYBRID_FEATURES,P1_8192_60-40-40-60_scale2^40,8192,"60-40-40-60",1099511627776,256,32,32,3.9571000000000001,12.843999999999999,1.1565000000000001,17.957599999999999,331446,331071,464639,1394273,33434027,-199.25300454121137,-199.25300464380462,1.0259324767503131e-07,5.1488933836283516e-10
FULL_FHE_RAW,P1_8192_60-40-40-60_scale2^40,8192,"60-40-40-60",1099511627776,256,32,256,4.1608999999999998,19.532299999999999,1.1209,24.814099999999996,331657,331798,464639,1394273,33434027,-28.966761998501266,-28.966762004459305,5.9580393951819133e-09,2.0568537814099417e-10
HYBRID_FEATURES,P1_8192_60-40-40-60_scale2^40,8192,"60-40-40-60",1099511627776,256,32,32,4.7408999999999999,11.955,1.1331,17.829000000000001,331676,331528,464639,1394273,33434027,29.76797387106728,29.767973805557947,6.5509333069257991e-08,2.2006648270048774e-09
FULL_FHE_RAW,P1_8192_60-40-40-60_scale2^40,8192,"60-40-40-60",1099511627776,512,5,512,3.9403999999999999,23.353200000000001,1.3824000000000001,28.676000000000002,331189,330904,464639,1394273,33434027,18.30794302271552,18.307942958374245,6.4341275418655641e-08,3.5143912857290639e-09
HYBRID_FEATURES,P1_8192_60-40-40-60_scale2^40,8192,"60-40-40-60",1099511627776,512,5,5,4.0266000000000002,7.6715999999999998,1.3737999999999999,13.071999999999999,331655,331869,464639,1394273,33434027,-3.9667680601851805,-3.9667680683204756,8.1352951042390487e-09,2.050862309267275e-09
FULL_FHE_RAW,P1_8192_60-40-40-60_scale2^40,8192,"60-40-40-60",1099511627776,512,5,512,3.7052999999999998,19.155899999999999,1.1644000000000001,24.025600000000001,330978,330963,464639,1394273,33434027,-7.4825619947972211,-7.4825620036301039,8.8328828695694028e-09,1.1804623704703133e-09
HYBRID_FEATURES,P1_8192_60-40-40-60_scale2^40,8192,"60-40-40-60",1099511627776,512,5,5,3.9826999999999999,8.5357000000000003,1.0193000000000001,13.537699999999999,331501,331382,464639,1394273,33434027,0.77015452965314513,0.77015452443318577,5.2199593536528255e-09,6.7778077680121435e-09
FULL_FHE_RAW,P1_8192_60-40-40-60_scale2^40,8192,"60-40-40-60",1099511627776,512,5,512,4.2286999999999999,18.878299999999999,1.1053999999999999,24.212399999999999,331635,331080,464639,1394273,33434027,1.9632577616977245,1.9632577341434267,2.7554297732379496e-08,1.403498728997865e-08
HYBRID_FEATURES,P1_8192_60-40-40-60_scale2^40,8192,"60-40-40-60",1099511627776,512,5,5,3.6366000000000001,6.8470000000000004,1.0162,11.4998,331522,331092,464639,1394273,33434027,2.471637145771318,2.4716371436152844,2.1560335738968206e-09,8.72309909076072e-10
FULL_FHE_RAW,P1_8192_60-40-40-60_scale2^40,8192,"60-40-40-60",1099511627776,512,5,512,3.6970000000000001,22.8432,1.0647,27.604899999999997,331413,331537,464639,1394273,33434027,-89.622458416226024,-89.622458405554227,1.0671797667782812e-08,1.1907503829253024e-10
HYBRID_FEATURES,P1_8192_60-40-40-60_scale2^40,8192,"60-40-40-60",1099511627776,512,5,5,3.6677,10.7706,1.6711,16.109400000000001,331595,331075,464639,1394273,33434027,1.0170202173746639,1.0170202178291214,4.5445758267703695e-10,4.4685206342325604e-10
FULL_FHE_RAW,P1_8192_60-40-40-60_scale2^40,8192,"60-40-40-60",1099511627776,512,5,512,5.5404,18.409400000000002,1.0589999999999999,25.008800000000004,331057,331558,464639,1394273,33434027,19.634302171765484,19.634302276114951,1.0434946773330012e-07,5.3146512068738928e-09
HYBRID_FEATURES,P1_8192_60-40-40-60_scale2^40,8192,"60-40-40-60",1099511627776,512,5,5,3.6859000000000002,6.8133999999999997,1.165,11.664300000000001,331121,331083,464639,1394273,33434027,0.46117393448545907,0.46117393700992382,2.5244647483546601e-09,5.4739970314481361e-09
FULL_FHE_RAW,P1_8192_60-40-40-60_scale2^40,8192,"60-40-40-60",1099511627776,512,8,512,3.7448999999999999,18.810400000000001,1.1620999999999999,23.717400000000001,331538,331644,464639,1394273,33434027,-89.622458416226024,-89.62245840643206,9.7939647503153537e-09,1.0928025099278207e-10
HYBRID_FEATURES,P1_8192_60-40-40-60_scale2^40,8192,"60-40-40-60",1099511627776,512,8,8,3.9388999999999998,8.1038999999999994,1.3687,13.4115,331012,331330,464639,1394273,33434027,-0.45035203594121376,-0.45035203540305485,5.3815890632691321e-10,1.1949738501840841e-09
FULL_FHE_RAW,P1_8192_60-40-40-60_scale2^40,8192,"60-40-40-60",1099511627776,512,8,512,4.8079999999999998,22.3703,1.0983000000000001,28.276600000000002,331010,331112,464639,1394273,33434027,19.634302171765484,19.634302276111679,1.0434619568400194e-07,5.3144845572384965e-09
HYBRID_FEATURES,P1_8192_60-40-40-60_scale2^40,8192,"60-40-40-60",1099511627776,512,8,8,3.9984000000000002,8.1509,1.0582,13.2075,331441,331562,464639,1394273,33434027,-2.9619728708580317,-2.9619728686795765,2.1784551940129404e-09,7.3547439122286086e-10
FULL_FHE_RAW,P1_8192_60-40-40-60_scale2^40,8192,"60-40-40-60",1099511627776,512,8,512,4.2173999999999996,19.7437,1.1612,25.122300000000003,331238,331700,464639,1394273,33434027,-75.043740960210513,-75.043740987387977,2.7177463834959781e-08,3.6215497105041365e-10
HYBRID_FEATURES,P1_8192_60-40-40-60_scale2^40,8192,"60-40-40-60",1099511627776,512,8,8,4.1852999999999998,7.2504999999999997,1.0347999999999999,12.470600000000001,331618,331531,464639,1394273,33434027,2.3931365814686645,2.3931365768847339,4.5839305684580722e-09,1.9154487896570119e-09
FULL_FHE_RAW,P1_8192_60-40-40-60_scale2^40,8192,"60-40-40-60",1099511627776,512,8,512,4.2393999999999998,28.181100000000001,1.4321999999999999,33.852700000000006,331485,330277,464639,1394273,33434027,-25.147996395843201,-25.147996412320346,1.6477144981763558e-08,6.5520706788740918e-10
HYBRID_FEATURES,P1_8192_60-40-40-60_scale2^40,8192,"60-40-40-60",1099511627776,512,8,8,5.0892999999999997,7.5823999999999998,1.0525,13.7242,331608,331727,464639,1394273,33434027,6.1282200965716651,6.1282200870389794,9.5326857518784891e-09,1.5555390638158375e-09
FULL_FHE_RAW,P1_8192_60-40-40-60_scale2^40,8192,"60-40-40-60",1099511627776,512,8,512,3.7841,24.492799999999999,1.0865,29.363399999999999,331033,331489,464639,1394273,33434027,-34.994998458078477,-34.994998500887938,4.2809460865100846e-08,1.2233022646474335e-09
HYBRID_FEATURES,P1_8192_60-40-40-60_scale2^40,8192,"60-40-40-60",1099511627776,512,8,8,3.7006000000000001,10.258699999999999,1.3839999999999999,15.343299999999999,331139,331526,464639,1394273,33434027,2.86011462699242,2.8601146234356944,3.5567255807222864e-09,1.2435605017909349e-09
FULL_FHE_RAW,P1_8192_60-40-40-60_scale2^40,8192,"60-40-40-60",1099511627776,512,16,512,3.9723999999999999,20.657399999999999,1.1577,25.787499999999998,331159,331651,464639,1394273,33434027,-39.421728040008247,-39.421728031696375,8.3118720795027912e-09,2.1084494497722815e-10
HYBRID_FEATURES,P1_8192_60-40-40-60_scale2^40,8192,"60-40-40-60",1099511627776,512,16,16,4.0965999999999996,9.5018999999999991,1.1485000000000001,14.746999999999998,330896,331486,464639,1394273,33434027,-319.12076185409376,-319.12076183936398,1.472977828598232e-08,4.615738004761022e-11
FULL_FHE_RAW,P1_8192_60-40-40-60_scale2^40,8192,"60-40-40-60",1099511627776,512,16,512,3.9981,28.3687,1.6619999999999999,34.028799999999997,331271,330929,464639,1394273,33434027,-97.811455906692288,-97.811455860520283,4.6172004886102513e-08,4.7205109522292068e-10
HYBRID_FEATURES,P1_8192_60-40-40-60_scale2^40,8192,"60-40-40-60",1099511627776,512,16,16,6.1776,14.416499999999999,2.3773,22.971399999999996,331197,331328,464639,1394273,33434027,-238.71099162553591,-238.71099172583598,1.0030007047134859e-07,4.2017365764492542e-10
FULL_FHE_RAW,P1_8192_60-40-40-60_scale2^40,8192,"60-40-40-60",1099511627776,512,16,512,8.8237000000000005,35.273299999999999,1.3880999999999999,45.485100000000003,331597,331619,464639,1394273,33434027,45.346348735861362,45.346348783463164,4.7601801611563133e-08,1.0497383568595477e-09
HYBRID_FEATURES,P1_8192_60-40-40-60_scale2^40,8192,"60-40-40-60",1099511627776,512,16,16,4.8242000000000003,14.068,1.7692000000000001,20.6614,331244,331455,464639,1394273,33434027,158.34441800160297,158.34441796526147,3.6341504028314375e-08,2.2950922101937611e-10
FULL_FHE_RAW,P1_8192_60-40-40-60_scale2^40,8192,"60-40-40-60",1099511627776,512,16,512,5.9786999999999999,24.428899999999999,1.1688000000000001,31.5764,331568,331068,464639,1394273,33434027,22.627721293928484,22.627721279983099,1.3945385290980994e-08,6.1629649357237077e-10
HYBRID_FEATURES,P1_8192_60-40-40-60_scale2^40,8192,"60-40-40-60",1099511627776,512,16,16,3.9043999999999999,9.1597000000000008,1.5437000000000001,14.607799999999999,331580,331615,464639,1394273,33434027,-127.5007903902613,-127.50079035249149,3.7769808614029898e-08,2.9623195666804909e-10
FULL_FHE_RAW,P1_8192_60-40-40-60_scale2^40,8192,"60-40-40-60",1099511627776,512,16,512,4.2798999999999996,23.4892,1.1961999999999999,28.965300000000003,330973,331371,464639,1394273,33434027,-53.666809051292582,-53.666809070764089,1.9471507073376415e-08,3.6282215055429007e-10
HYBRID_FEATURES,P1_8192_60-40-40-60_scale2^40,8192,"60-40-40-60",1099511627776,512,16,16,4.2953999999999999,9.3339999999999996,1.4178999999999999,15.0473,331095,331651,464639,1394273,33434027,73.685133011058767,73.685133039152106,2.8093339210499835e-08,3.8126197324341599e-10
FULL_FHE_RAW,P1_8192_60-40-40-60_scale2^40,8192,"60-40-40-60",1099511627776,512,32,512,4.0979000000000001,20.756599999999999,1.1936,26.048099999999998,331607,330884,464639,1394273,33434027,51.565922806327578,51.565922807020598,6.9302075189625612e-10,1.3439510323496365e-11
HYBRID_FEATURES,P1_8192_60-40-40-60_scale2^40,8192,"60-40-40-60",1099511627776,512,32,32,3.9645000000000001,13.5571,1.1821999999999999,18.703800000000001,331076,331431,464639,1394273,33434027,-18.51028013195576,-18.510280051803946,8.0151814074724825e-08,4.3301243148855656e-09
FULL_FHE_RAW,P1_8192_60-40-40-60_scale2^40,8192,"60-40-40-60",1099511627776,512,32,512,4.0011999999999999,20.139099999999999,1.2022999999999999,25.342600000000001,331703,331664,464639,1394273,33434027,-43.371847034670054,-43.371847067808517,3.3138462640636135e-08,7.6405467846795452e-10
HYBRID_FEATURES,P1_8192_60-40-40-60_scale2^40,8192,"60-40-40-60",1099511627776,512,32,32,4.0353000000000003,11.5388,1.0377000000000001,16.611800000000002,331534,331110,464639,1394273,33434027,263.93428591711142,263.93428576954386,1.475675617257366e-07,5.5910720811800935e-10
FULL_FHE_RAW,P1_8192_60-40-40-60_scale2^40,8192,"60-40-40-60",1099511627776,512,32,512,4.2286000000000001,19.7895,1.0899000000000001,25.108000000000001,331559,331590,464639,1394273,33434027,-89.819327840585089,-89.819327809077208,3.1507880748904427e-08,3.507917672778165e-10
HYBRID_FEATURES,P1_8192_60-40-40-60_scale2^40,8192,"60-40-40-60",1099511627776,512,32,32,3.7945000000000002,10.7384,1.0483,15.581200000000001,331442,331573,464639,1394273,33434027,-165.12073670775024,-165.12073650816319,1.9958704911005043e-07,1.2087340033087585e-09
FULL_FHE_RAW,P1_8192_60-40-40-60_scale2^40,8192,"60-40-40-60",1099511627776,512,32,512,3.7406000000000001,18.630199999999999,1.0672999999999999,23.438099999999999,331641,330871,464639,1394273,33434027,-84.499435710138755,-84.499435777062445,6.6923689701070543e-08,7.9200161679944375e-10
HYBRID_FEATURES,P1_8192_60-40-40-60_scale2^40,8192,"60-40-40-60",1099511627776,512,32,32,3.6671999999999998,10.297800000000001,1.0208999999999999,14.985899999999999,331081,331037,464639,1394273,33434027,80.759953305913839,80.759953292851492,1.3062347647974093e-08,1.6174288262023514e-10
FULL_FHE_RAW,P1_8192_60-40-40-60_scale2^40,8192,"60-40-40-60",1099511627776,512,32,512,3.6669,22.582100000000001,1.3575999999999999,27.606600000000004,331191,331608,464639,1394273,33434027,0.25364808234214298,0.25364813887748761,5.6535344628017015e-08,2.2288891012295191e-07
HYBRID_FEATURES,P1_8192_60-40-40-60_scale2^40,8192,"60-40-40-60",1099511627776,512,32,32,7.3457999999999997,11.208399999999999,1.1362000000000001,19.690399999999997,331579,331298,464639,1394273,33434027,142.11490331401163,142.11490342563451,1.1162288160448952e-07,7.8544106917380718e-10
FULL_FHE_RAW,P1_8192_60-40-40-60_scale2^40,8192,"60-40-40-60",1099511627776,1024,5,1024,5.0072999999999999,25.726199999999999,1.2215,31.954999999999998,331052,331595,464639,1394273,33434027,-71.559921896815936,-71.559921885765249,1.1050687476199528e-08,1.5442565032608327e-10
HYBRID_FEATURES,P1_8192_60-40-40-60_scale2^40,8192,"60-40-40-60",1099511627776,1024,5,5,4.0263999999999998,7.5301,0.98760000000000003,12.5441,331531,331623,464639,1394273,33434027,-1.4120196049038101,-1.4120196048085969,9.5213170681063275e-11,6.7430487756966663e-11
FULL_FHE_RAW,P1_8192_60-40-40-60_scale2^40,8192,"60-40-40-60",1099511627776,1024,5,1024,3.7704,20.574000000000002,1.0051000000000001,25.349499999999999,331080,331043,464639,1394273,33434027,131.7549827028478,131.75498272251289,1.9665094441734254e-08,1.4925503414231942e-10
HYBRID_FEATURES,P1_8192_60-40-40-60_scale2^40,8192,"60-40-40-60",1099511627776,1024,5,5,3.7227000000000001,6.4695999999999998,0.97350000000000003,11.165799999999999,331635,331030,464639,1394273,33434027,1.5093514641703116,1.5093514707907605,6.6204488557985997e-09,4.3862870994317096e-09
FULL_FHE_RAW,P1_8192_60-40-40-60_scale2^40,8192,"60-40-40-60",1099511627776,1024,5,1024,3.6017000000000001,19.434100000000001,0.99029999999999996,24.026100000000003,331489,331293,464639,1394273,33434027,80.23102136447396,80.231021410365088,4.5891127342656546e-08,5.719873256278523e-10
HYBRID_FEATURES,P1_8192_60-40-40-60_scale2^40,8192,"60-40-40-60",1099511627776,1024,5,5,3.7570999999999999,9.9908000000000001,1.5065,15.2544,331595,331658,464639,1394273,33434027,-1.1165601276326902,-1.1165601264219287,1.2107614910661368e-09,1.084367479280467e-09
FULL_FHE_RAW,P1_8192_60-40-40-60_scale2^40,8192,"60-40-40-60",1099511627776,1024,5,1024,3.8841000000000001,18.861599999999999,0.96240000000000003,23.708099999999998,331462,330656,464639,1394273,33434027,61.47852579315601,61.478525811432476,1.8276466562383575e-08,2.9728212130321077e-10
HYBRID_FEATURES,P1_8192_60-40-40-60_scale2^40,8192,"60-40-40-60",1099511627776,1024,5,5,3.6305000000000001,10.129799999999999,1.5194000000000001,15.279699999999998,331108,331695,464639,1394273,33434027,-1.0836115939441278,-1.0836115990916113,5.1474835505160854e-09,4.7503031337827264e-09
FULL_FHE_RAW,P1_8192_60-40-40-60_scale2^40,8192,"60-40-40-60",1099511627776,1024,5,1024,5.6906999999999996,25.660499999999999,1.0867,32.437899999999999,331667,332188,464639,1394273,33434027,-0.37335952081766466,-0.37335956676754078,4.5949876126272216e-08,1.2307139248957972e-07
HYBRID_FEATURES,P1_8192_60-40-40-60_scale2^40,8192,"60-40-40-60",1099511627776,1024,5,5,3.8906999999999998,6.7590000000000003,1.1667000000000001,11.8164,330604,331189,464639,1394273,33434027,-6.232292184073331,-6.2322921792992183,4.7741126607547812e-09,7.660283760371604e-10
FULL_FHE_RAW,P1_8192_60-40-40-60_scale2^40,8192,"60-40-40-60",1099511627776,1024,8,1024,4.0551000000000004,19.007200000000001,1.2779,24.340199999999999,331486,331591,464639,1394273,33434027,61.47852579315601,61.478525811636615,1.8480605490367452e-08,3.0060261289519689e-10
HYBRID_FEATURES,P1_8192_60-40-40-60_scale2^40,8192,"60-40-40-60",1099511627776,1024,8,8,3.7044000000000001,6.5258000000000003,0.95540000000000003,11.185600000000001,331473,331028,464639,1394273,33434027,-3.4939120138146333,-3.493912006764913,7.0497203630282002e-09,2.0177154820024662e-09
FULL_FHE_RAW,P1_8192_60-40-40-60_scale2^40,8192,"60-40-40-60",1099511627776,1024,8,1024,3.6875,21.064299999999999,1.1138999999999999,25.8657,331056,331597,464639,1394273,33434027,-0.37335952081766466,-0.37335956724010777,4.6422443111815426e-08,1.243371081314583e-07
HYBRID_FEATURES,P1_8192_60-40-40-60_scale2^40,8192,"60-40-40-60",1099511627776,1024,8,8,3.9752999999999998,7.0300000000000002,1.1434,12.1487,331669,330923,464639,1394273,33434027,-5.7383263154310979,-5.738326315741606,3.1050806370558348e-10,5.4111259387704624e-11
FULL_FHE_RAW,P1_8192_60-40-40-60_scale2^40,8192,"60-40-40-60",1099511627776,1024,8,1024,4.3594999999999997,26.363199999999999,1.2290000000000001,31.951699999999999,330849,331652,464639,1394273,33434027,22.784167747135765,22.78416774364586,3.4899052536729869e-09,1.5317238234921742e-10
HYBRID_FEATURES,P1_8192_60-40-40-60_scale2^40,8192,"60-40-40-60",1099511627776,1024,8,8,6.5240999999999998,11.7111,1.2162999999999999,19.451499999999999,331088,331111,464639,1394273,33434027,-13.104722607461062,-13.104722609722359,2.2612969274860006e-09,1.7255587891639541e-10
FULL_FHE_RAW,P1_8192_60-40-40-60_scale2^40,8192,"60-40-40-60",1099511627776,1024,8,1024,4.4814999999999996,25.031300000000002,1.2113,30.724100000000004,330980,331564,464639,1394273,33434027,-103.93972552047404,-103.93972544438414,7.6089904155196564e-08,7.3205796700135004e-10
HYBRID_FEATURES,P1_8192_60-40-40-60_scale2^40,8192,"60-40-40-60",1099511627776,1024,8,8,4.0608000000000004,12.437799999999999,2.6183999999999998,19.117000000000001,331089,331010,464639,1394273,33434027,-2.1226432795815393,-2.1226432814731768,1.8916375132960184e-09,8.9117070752884031e-10
FULL_FHE_RAW,P1_8192_60-40-40-60_scale2^40,8192,"60-40-40-60",1099511627776,1024,8,1024,6.2310999999999996,26.504899999999999,1.1568000000000001,33.892799999999994,331298,330890,464639,1394273,33434027,1.8769978538970626,1.8769977269816973,1.2691536532827286e-07,6.7616148342827608e-08
HYBRID_FEATURES,P1_8192_60-40-40-60_scale2^40,8192,"60-40-40-60",1099511627776,1024,8,8,4.3973000000000004,11.842700000000001,1.5297000000000001,17.7697,331630,331392,464639,1394273,33434027,-3.4107514893865711,-3.4107515001365223,1.0749951151467485e-08,3.1517837593617469e-09
FULL_FHE_RAW,P1_8192_60-40-40-60_scale2^40,8192,"60-40-40-60",1099511627776,1024,16,1024,5.7306999999999997,31.2698,1.1685000000000001,38.169000000000004,331586,331472,464639,1394273,33434027,-73.60150893198491,-73.601508959399823,2.7414913006396091e-08,3.7247759460652076e-10
HYBRID_FEATURES,P1_8192_60-40-40-60_scale2^40,8192,"60-40-40-60",1099511627776,1024,16,16,3.9466000000000001,9.4461999999999993,1.0449999999999999,14.437799999999999,331100,330785,464639,1394273,33434027,-24.038046019162383,-24.03804601085039,8.3119928717678704e-09,3.4578488056565861e-10
FULL_FHE_RAW,P1_8192_60-40-40-60_scale2^40,8192,"60-40-40-60",1099511627776,1024,16,1024,4.1105,32.456000000000003,4.7405999999999997,41.307100000000005,331234,331468,464639,1394273,33434027,-74.531590106601229,-74.531590131651683,2.5050454155461921e-08,3.361051886808358e-10
HYBRID_FEATURES,P1_8192_60-40-40-60_scale2^40,8192,"60-40-40-60",1099511627776,1024,16,16,7.4493,13.0914,1.2902,21.8309,331219,331204,464639,1394273,33434027,281.63211977923476,281.63211989870513,1.1947037137360894e-07,4.2420719436142137e-10
FULL_FHE_RAW,P1_8192_60-40-40-60_scale2^40,8192,"60-40-40-60",1099511627776,1024,16,1024,5.1810999999999998,24.5518,1.5874999999999999,31.320399999999999,331087,331652,464639,1394273,33434027,-86.408241048150927,-86.4082410376745,1.0476426837158215e-08,1.2124337574838763e-10
HYBRID_FEATURES,P1_8192_60-40-40-60_scale2^40,8192,"60-40-40-60",1099511627776,1024,16,16,4.5896999999999997,12.887,1.5112000000000001,18.9879,331695,331725,464639,1394273,33434027,139.65573172503687,139.65573189818909,1.7315221612079768e-07,1.239850409159796e-09
FULL_FHE_RAW,P1_8192_60-40-40-60_scale2^40,8192,"60-40-40-60",1099511627776,1024,16,1024,5.4406999999999996,22.954899999999999,1.1120000000000001,29.507599999999996,331649,331495,464639,1394273,33434027,39.245730267756855,39.245730308375954,4.0619099195282615e-08,1.0349940979096542e-09
HYBRID_FEATURES,P1_8192_60-40-40-60_scale2^40,8192,"60-40-40-60",1099511627776,1024,16,16,4.2723000000000004,10.5686,1.0966,15.937500000000002,331631,331500,464639,1394273,33434027,246.67420326351663,246.67420324939326,1.412337269357522e-08,5.7255166964044197e-11
FULL_FHE_RAW,P1_8192_60-40-40-60_scale2^40,8192,"60-40-40-60",1099511627776,1024,16,1024,4.7119,24.052,1.2286999999999999,29.992599999999999,331126,331472,464639,1394273,33434027,-0.76730024543866771,-0.7673003073347584,6.1896090697288741e-08,8.0667367259738813e-08
HYBRID_FEATURES,P1_8192_60-40-40-60_scale2^40,8192,"60-40-40-60",1099511627776,1024,16,16,3.8330000000000002,10.372299999999999,1.2851999999999999,15.490499999999999,331325,331575,464639,1394273,33434027,307.80062662874872,307.80062662386422,4.8844981392903719e-09,1.5869032473354157e-11
FULL_FHE_RAW,P1_8192_60-40-40-60_scale2^40,8192,"60-40-40-60",1099511627776,1024,32,1024,4.6741000000000001,23.295000000000002,1.3263,29.295400000000001,331071,331426,464639,1394273,33434027,62.946027942328428,62.946027991406162,4.9077733876856655e-08,7.7967959982831651e-10
HYBRID_FEATURES,P1_8192_60-40-40-60_scale2^40,8192,"60-40-40-60",1099511627776,1024,32,32,6.2038000000000002,18.448799999999999,1.6128,26.2654,331023,331605,464639,1394273,33434027,-201.25820669492467,-201.25820689260291,1.976782471047045e-07,9.8221210628371134e-10
FULL_FHE_RAW,P1_8192_60-40-40-60_scale2^40,8192,"60-40-40-60",1099511627776,1024,32,1024,5.4698000000000002,34.945500000000003,1.6792,42.094500000000004,331041,331604,464639,1394273,33434027,104.82922655214369,104.82922654063528,1.1508419106576184e-08,1.0978254333348264e-10
HYBRID_FEATURES,P1_8192_60-40-40-60_scale2^40,8192,"60-40-40-60",1099511627776,1024,32,32,6.5862999999999996,14.241099999999999,1.9415,22.768899999999999,331064,331088,464639,1394273,33434027,-227.48891104834024,-227.48891127113779,2.2279755285126157e-07,9.7937764009920565e-10
FULL_FHE_RAW,P1_8192_60-40-40-60_scale2^40,8192,"60-40-40-60",1099511627776,1024,32,1024,7.2723000000000004,30.805,1.1796,39.256900000000002,331096,331341,464639,1394273,33434027,-26.945826450826068,-26.945826433625129,1.7200939339545585e-08,6.3835263583159696e-10
HYBRID_FEATURES,P1_8192_60-40-40-60_scale2^40,8192,"60-40-40-60",1099511627776,1024,32,32,4.2135999999999996,12.3573,1.1341000000000001,17.705000000000002,331541,331169,464639,1394273,33434027,266.32656286736437,266.32656272842956,1.3893480854676454e-07,5.2167086546285165e-10
FULL_FHE_RAW,P1_8192_60-40-40-60_scale2^40,8192,"60-40-40-60",1099511627776,1024,32,1024,4.3852000000000002,22.295100000000001,1.2952999999999999,27.975600000000004,330429,331093,464639,1394273,33434027,-27.572164472968314,-27.572164382541175,9.0427139554094538e-08,3.2796532765046103e-09
HYBRID_FEATURES,P1_8192_60-40-40-60_scale2^40,8192,"60-40-40-60",1099511627776,1024,32,32,3.8898999999999999,14.1235,1.0177,19.031100000000002,331160,333206,464639,1394273,33434027,-117.38219919041137,-117.38219948826739,2.9785601896037406e-07,2.5374888272216414e-09
FULL_FHE_RAW,P1_8192_60-40-40-60_scale2^40,8192,"60-40-40-60",1099511627776,1024,32,1024,3.7536,20.450399999999998,0.98080000000000001,25.184799999999996,331527,331152,464639,1394273,33434027,-47.157641655637633,-47.157641694262935,3.8625302067885059e-08,8.1906772077240753e-10
HYBRID_FEATURES,P1_8192_60-40-40-60_scale2^40,8192,"60-40-40-60",1099511627776,1024,32,32,3.5945,12.6488,1.2118,17.455099999999998,331051,330239,464639,1394273,33434027,249.88329324329879,249.88329338460915,1.4131035186437657e-07,5.6550540066233957e-10
